{
  "video": {
    "sites": [      
       {
        "key": "wogg",
        "name": "玩偶",
        "type": 3,
        "api": "assets://js/wogg.js",
        "ext": "ffff"
      },
      {
        "key": "18av",
        "name": "影院",
        "type": 3,
        "api": "assets://js/18av_open.js"
      },       
      {
        "key": "xiaoya-tv",
        "name": "小雅",
        "type": 3,
        "api": "assets://js/xiaoya.js",
        "ext": "前往@omiitop查看教程，部署alist-tvbox版小雅，IP+端口/vod1"
      },
      {
        "key": "bilibili",
        "name": "BiliBili",
        "type": 3,
        "api": "assets://js/bilibili.js",
        "ext": "前往@omiitop查看教程，部署alist-tvbox版小雅，IP+端口/bilibili"
      }
    ]
  },
  "pan": {
    "sites": [
      {
        "key": "alist",
        "name": "Alist",
        "type": 40,
        "api": "assets://js/alist_open.js",
        "ext": [
          {
            "name": "丫仙女",
            "server": "前往@omiitop查看教程，部署alist-tvbox版小雅，IP+端口",
            "startPage": "/",
            "showAll": false,
            "search": true,
            "headers": {
              "Authorization": ""
            },
            "params": {
              "/abc": {
                "password": "123"
              },
              "/abc/abc": {
                "password": "123"
              }
            }
          },
          {
            "name": "罗汉果",
            "server": "https://lala-ofbip.run.goorm.site/"
          },
          {
            "name": "七米蓝",
            "server": "https://al.chirmyram.com"
          },
          {
            "name": "神族九帝",
            "server": "https://alist.shenzjd.com"
          },
          {
            "name": "姬路白雪",
            "server": "https://pan.jlbx.xyz"
          },
          {
            "name": "星梦",
            "server": "https://pan.bashroot.top"
          },
          {
            "name": "repl",
            "server": "https://ali.liucn.repl.co"
          },
          {
            "name": "讯维云盘",
            "server": "https://pan.xwbeta.com"
          }
        ]
      }
    ]
  }
}

